-- phpMyAdmin SQL Dump
-- version 5.2.1
-- https://www.phpmyadmin.net/
--
-- Host: 127.0.0.1
-- Generation Time: Jul 15, 2023 at 09:15 PM
-- Server version: 10.4.28-MariaDB
-- PHP Version: 8.2.4

SET SQL_MODE = "NO_AUTO_VALUE_ON_ZERO";
START TRANSACTION;
SET time_zone = "+00:00";


/*!40101 SET @OLD_CHARACTER_SET_CLIENT=@@CHARACTER_SET_CLIENT */;
/*!40101 SET @OLD_CHARACTER_SET_RESULTS=@@CHARACTER_SET_RESULTS */;
/*!40101 SET @OLD_COLLATION_CONNECTION=@@COLLATION_CONNECTION */;
/*!40101 SET NAMES utf8mb4 */;

--
-- Database: `dbtoko`
--

-- --------------------------------------------------------

--
-- Table structure for table `failed_jobs`
--

CREATE TABLE `failed_jobs` (
  `id` bigint(20) UNSIGNED NOT NULL,
  `uuid` varchar(255) NOT NULL,
  `connection` text NOT NULL,
  `queue` text NOT NULL,
  `payload` longtext NOT NULL,
  `exception` longtext NOT NULL,
  `failed_at` timestamp NOT NULL DEFAULT current_timestamp()
) ENGINE=InnoDB DEFAULT CHARSET=utf8mb4 COLLATE=utf8mb4_unicode_ci;

-- --------------------------------------------------------

--
-- Table structure for table `kategori_produk`
--

CREATE TABLE `kategori_produk` (
  `id` int(11) NOT NULL,
  `nama` varchar(45) NOT NULL
) ENGINE=InnoDB DEFAULT CHARSET=utf8 COLLATE=utf8_general_ci;

--
-- Dumping data for table `kategori_produk`
--

INSERT INTO `kategori_produk` (`id`, `nama`) VALUES
(12, 'Alat Rumah Tangga'),
(1, 'Elektronik'),
(2, 'Furniture'),
(13, 'Kecantikan'),
(3, 'Makanan'),
(4, 'Minuman'),
(11, 'Olahraga'),
(10, 'Pakaian');

-- --------------------------------------------------------

--
-- Table structure for table `migrations`
--

CREATE TABLE `migrations` (
  `id` int(10) UNSIGNED NOT NULL,
  `migration` varchar(255) NOT NULL,
  `batch` int(11) NOT NULL
) ENGINE=InnoDB DEFAULT CHARSET=utf8mb4 COLLATE=utf8mb4_unicode_ci;

--
-- Dumping data for table `migrations`
--

INSERT INTO `migrations` (`id`, `migration`, `batch`) VALUES
(1, '2014_10_12_000000_create_users_table', 1),
(2, '2014_10_12_100000_create_password_reset_tokens_table', 1),
(3, '2014_10_12_100000_create_password_resets_table', 1),
(4, '2019_08_19_000000_create_failed_jobs_table', 1),
(5, '2019_12_14_000001_create_personal_access_tokens_table', 1);

-- --------------------------------------------------------

--
-- Table structure for table `password_resets`
--

CREATE TABLE `password_resets` (
  `email` varchar(255) NOT NULL,
  `token` varchar(255) NOT NULL,
  `created_at` timestamp NULL DEFAULT NULL
) ENGINE=InnoDB DEFAULT CHARSET=utf8mb4 COLLATE=utf8mb4_unicode_ci;

-- --------------------------------------------------------

--
-- Table structure for table `password_reset_tokens`
--

CREATE TABLE `password_reset_tokens` (
  `email` varchar(255) NOT NULL,
  `token` varchar(255) NOT NULL,
  `created_at` timestamp NULL DEFAULT NULL
) ENGINE=InnoDB DEFAULT CHARSET=utf8mb4 COLLATE=utf8mb4_unicode_ci;

-- --------------------------------------------------------

--
-- Table structure for table `personal_access_tokens`
--

CREATE TABLE `personal_access_tokens` (
  `id` bigint(20) UNSIGNED NOT NULL,
  `tokenable_type` varchar(255) NOT NULL,
  `tokenable_id` bigint(20) UNSIGNED NOT NULL,
  `name` varchar(255) NOT NULL,
  `token` varchar(64) NOT NULL,
  `abilities` text DEFAULT NULL,
  `last_used_at` timestamp NULL DEFAULT NULL,
  `expires_at` timestamp NULL DEFAULT NULL,
  `created_at` timestamp NULL DEFAULT NULL,
  `updated_at` timestamp NULL DEFAULT NULL
) ENGINE=InnoDB DEFAULT CHARSET=utf8mb4 COLLATE=utf8mb4_unicode_ci;

-- --------------------------------------------------------

--
-- Table structure for table `pesanan`
--

CREATE TABLE `pesanan` (
  `id` int(11) NOT NULL,
  `tanggal` date NOT NULL,
  `nama_pemesan` varchar(45) NOT NULL,
  `alamat_pemesan` varchar(45) NOT NULL,
  `no_hp` varchar(20) NOT NULL,
  `email` varchar(45) NOT NULL,
  `jumlah_pesanan` int(11) NOT NULL,
  `deskripsi` text NOT NULL,
  `produk_id` int(11) NOT NULL
) ENGINE=InnoDB DEFAULT CHARSET=utf8 COLLATE=utf8_general_ci;

--
-- Dumping data for table `pesanan`
--

INSERT INTO `pesanan` (`id`, `tanggal`, `nama_pemesan`, `alamat_pemesan`, `no_hp`, `email`, `jumlah_pesanan`, `deskripsi`, `produk_id`) VALUES
(1, '2023-04-08', 'Abdurrahman Ziyad', 'Depok', '082094374577', 'ziyad@gmail.com', 2, 'Pesanan Meja Belajar', 2);

-- --------------------------------------------------------

--
-- Table structure for table `produk`
--

CREATE TABLE `produk` (
  `id` int(11) NOT NULL,
  `kode` varchar(45) NOT NULL,
  `nama` varchar(45) NOT NULL,
  `harga_jual` double NOT NULL,
  `harga_beli` double NOT NULL,
  `stok` int(11) NOT NULL,
  `min_stok` int(11) NOT NULL,
  `deskripsi` text NOT NULL,
  `kategori_produk_id` int(11) NOT NULL
) ENGINE=InnoDB DEFAULT CHARSET=utf8 COLLATE=utf8_general_ci;

--
-- Dumping data for table `produk`
--

INSERT INTO `produk` (`id`, `kode`, `nama`, `harga_jual`, `harga_beli`, `stok`, `min_stok`, `deskripsi`, `kategori_produk_id`) VALUES
(1, 'AC01', 'AC', 4000000, 3500000, 10, 9, 'AC atau air conditioner merupakan perangkat elektronik yang berfungsi sebagai pendingin ruangan ini menjadi solusi jitu mengatasi udara yang panas.', 1),
(2, 'MB01', 'Meja Belajar', 2000000, 1500000, 6, 2, 'Meja yang difungsikan untuk membaca, menulis, dan yang pasti untuk belajar.', 2),
(40, 'P01', 'Laptop', 7000000, 6000000, 20, 5, 'Laptop terbaru dengan spesifikasi tinggi.', 1),
(41, 'P02', 'Kemeja', 300000, 250000, 50, 10, 'Kemeja formal pria dengan desain elegan.', 10),
(42, 'P03', 'Sepatu Lari', 800000, 650000, 30, 5, 'Sepatu lari dengan teknologi canggih untuk kenyamanan maksimal.', 11),
(43, 'P04', 'Blender', 400000, 350000, 15, 3, 'Blender multifungsi untuk mempermudah persiapan makanan.', 1),
(44, 'P05', 'Lipstik Matte', 150000, 100000, 40, 5, 'Lipstik matte dengan berbagai pilihan warna trendy.', 13),
(45, 'P06', 'Smartphone', 5000000, 4500000, 10, 3, 'Smartphone dengan kamera berkualitas tinggi dan performa cepat.', 1),
(46, 'P07', 'Baju Wanita', 250000, 200000, 60, 15, 'Baju wanita trendy untuk segala kesempatan.', 10),
(47, 'P08', 'Raket Badminton', 600000, 500000, 25, 5, 'Raket badminton yang ringan dan kuat untuk performa terbaik.', 11),
(48, 'P09', 'Panci', 200000, 150000, 20, 5, 'Panci anti lengket untuk memasak dengan mudah.', 2),
(49, 'P10', 'Maskara Waterproof', 120000, 80000, 35, 5, 'Maskara waterproof tahan lama untuk bulu mata indah.', 13);

-- --------------------------------------------------------

--
-- Table structure for table `users`
--

CREATE TABLE `users` (
  `id` bigint(20) UNSIGNED NOT NULL,
  `name` varchar(255) NOT NULL,
  `email` varchar(255) NOT NULL,
  `email_verified_at` timestamp NULL DEFAULT NULL,
  `password` varchar(255) NOT NULL,
  `remember_token` varchar(100) DEFAULT NULL,
  `created_at` timestamp NULL DEFAULT NULL,
  `updated_at` timestamp NULL DEFAULT NULL
) ENGINE=InnoDB DEFAULT CHARSET=utf8mb4 COLLATE=utf8mb4_unicode_ci;

--
-- Dumping data for table `users`
--

INSERT INTO `users` (`id`, `name`, `email`, `email_verified_at`, `password`, `remember_token`, `created_at`, `updated_at`) VALUES
(1, 'Muhammad Ismail Fatah', 'ismailfatah332@gmail.com', NULL, '$2y$10$ktPOfrma2KPu5pIyNL8tiOthfr.ic1HTiHXXWBgetzlDZQDLmc3cS', NULL, '2023-07-15 10:25:03', '2023-07-15 10:25:03'),
(2, 'Budi', 'budi@gmail.com', NULL, '$2y$10$Yj7Gp3zar/Swz.NMGfy/2OJfh0JWYeHKde/IEOk2AWAioKcliLMc2', NULL, '2023-07-15 10:56:14', '2023-07-15 10:56:14'),
(3, 'rina', 'rina@gmail.com', NULL, '$2y$10$cke23rEl2wAz2qNaGmo84.tJItUCVJbxFmtrKg1o9VSsOupuHz886', NULL, '2023-07-15 11:40:06', '2023-07-15 11:40:06');

--
-- Indexes for dumped tables
--

--
-- Indexes for table `failed_jobs`
--
ALTER TABLE `failed_jobs`
  ADD PRIMARY KEY (`id`),
  ADD UNIQUE KEY `failed_jobs_uuid_unique` (`uuid`);

--
-- Indexes for table `kategori_produk`
--
ALTER TABLE `kategori_produk`
  ADD PRIMARY KEY (`id`),
  ADD UNIQUE KEY `nama_UNIQUE` (`nama`);

--
-- Indexes for table `migrations`
--
ALTER TABLE `migrations`
  ADD PRIMARY KEY (`id`);

--
-- Indexes for table `password_resets`
--
ALTER TABLE `password_resets`
  ADD KEY `password_resets_email_index` (`email`);

--
-- Indexes for table `password_reset_tokens`
--
ALTER TABLE `password_reset_tokens`
  ADD PRIMARY KEY (`email`);

--
-- Indexes for table `personal_access_tokens`
--
ALTER TABLE `personal_access_tokens`
  ADD PRIMARY KEY (`id`),
  ADD UNIQUE KEY `personal_access_tokens_token_unique` (`token`),
  ADD KEY `personal_access_tokens_tokenable_type_tokenable_id_index` (`tokenable_type`,`tokenable_id`);

--
-- Indexes for table `pesanan`
--
ALTER TABLE `pesanan`
  ADD PRIMARY KEY (`id`),
  ADD UNIQUE KEY `kode_UNIQUE` (`tanggal`),
  ADD KEY `fk_pesanan_produk1_idx` (`produk_id`);

--
-- Indexes for table `produk`
--
ALTER TABLE `produk`
  ADD PRIMARY KEY (`id`),
  ADD KEY `fk_produk_kategori_produk_idx` (`kategori_produk_id`);

--
-- Indexes for table `users`
--
ALTER TABLE `users`
  ADD PRIMARY KEY (`id`),
  ADD UNIQUE KEY `users_email_unique` (`email`);

--
-- AUTO_INCREMENT for dumped tables
--

--
-- AUTO_INCREMENT for table `failed_jobs`
--
ALTER TABLE `failed_jobs`
  MODIFY `id` bigint(20) UNSIGNED NOT NULL AUTO_INCREMENT;

--
-- AUTO_INCREMENT for table `kategori_produk`
--
ALTER TABLE `kategori_produk`
  MODIFY `id` int(11) NOT NULL AUTO_INCREMENT, AUTO_INCREMENT=14;

--
-- AUTO_INCREMENT for table `migrations`
--
ALTER TABLE `migrations`
  MODIFY `id` int(10) UNSIGNED NOT NULL AUTO_INCREMENT, AUTO_INCREMENT=6;

--
-- AUTO_INCREMENT for table `personal_access_tokens`
--
ALTER TABLE `personal_access_tokens`
  MODIFY `id` bigint(20) UNSIGNED NOT NULL AUTO_INCREMENT;

--
-- AUTO_INCREMENT for table `pesanan`
--
ALTER TABLE `pesanan`
  MODIFY `id` int(11) NOT NULL AUTO_INCREMENT, AUTO_INCREMENT=2;

--
-- AUTO_INCREMENT for table `produk`
--
ALTER TABLE `produk`
  MODIFY `id` int(11) NOT NULL AUTO_INCREMENT, AUTO_INCREMENT=52;

--
-- AUTO_INCREMENT for table `users`
--
ALTER TABLE `users`
  MODIFY `id` bigint(20) UNSIGNED NOT NULL AUTO_INCREMENT, AUTO_INCREMENT=4;

--
-- Constraints for dumped tables
--

--
-- Constraints for table `pesanan`
--
ALTER TABLE `pesanan`
  ADD CONSTRAINT `fk_pesanan_produk1` FOREIGN KEY (`produk_id`) REFERENCES `produk` (`id`) ON DELETE NO ACTION ON UPDATE NO ACTION;

--
-- Constraints for table `produk`
--
ALTER TABLE `produk`
  ADD CONSTRAINT `fk_produk_kategori_produk` FOREIGN KEY (`kategori_produk_id`) REFERENCES `kategori_produk` (`id`) ON DELETE NO ACTION ON UPDATE NO ACTION;
COMMIT;

/*!40101 SET CHARACTER_SET_CLIENT=@OLD_CHARACTER_SET_CLIENT */;
/*!40101 SET CHARACTER_SET_RESULTS=@OLD_CHARACTER_SET_RESULTS */;
/*!40101 SET COLLATION_CONNECTION=@OLD_COLLATION_CONNECTION */;
